{"TreadmillScaleAxis":{"x":0.07400313019752503,"y":0.07525850832462311,"z":0.08518444746732712},"TreadmillWorldPosition":{"x":0.0,"y":0.0,"z":0.0},"TreadmillWorldRotation":{"x":0.0,"y":175.7725830078125,"z":0.0}}